{
  "ABIRoot": {
    "kind": "Root",
    "name": "CMPush",
    "printedName": "CMPush",
    "children": [
      {
        "kind": "Import",
        "name": "CryptoKit",
        "printedName": "CryptoKit",
        "declKind": "Import",
        "moduleName": "CMPush"
      },
      {
        "kind": "Import",
        "name": "os",
        "printedName": "os",
        "declKind": "Import",
        "moduleName": "CMPush"
      },
      {
        "kind": "Import",
        "name": "UIKit",
        "printedName": "UIKit",
        "declKind": "Import",
        "moduleName": "CMPush"
      },
      {
        "kind": "Import",
        "name": "UserNotifications",
        "printedName": "UserNotifications",
        "declKind": "Import",
        "moduleName": "CMPush"
      },
      {
        "kind": "Import",
        "name": "Foundation",
        "printedName": "Foundation",
        "declKind": "Import",
        "moduleName": "CMPush"
      },
      {
        "kind": "Import",
        "name": "Foundation",
        "printedName": "Foundation",
        "declKind": "Import",
        "moduleName": "CMPush"
      },
      {
        "kind": "Import",
        "name": "UserNotifications",
        "printedName": "UserNotifications",
        "declKind": "Import",
        "moduleName": "CMPush"
      },
      {
        "kind": "Function",
        "name": "CMPush_SetApplePushEnvironment",
        "printedName": "CMPush_SetApplePushEnvironment(_:)",
        "children": [
          {
            "kind": "TypeNominal",
            "name": "Void",
            "printedName": "()"
          },
          {
            "kind": "TypeNominal",
            "name": "CMPushEnvironment",
            "printedName": "CMPush.CMPushEnvironment",
            "usr": "s:6CMPush0A11EnvironmentO"
          }
        ],
        "declKind": "Func",
        "usr": "s:6CMPush0A24_SetApplePushEnvironmentyyAA0aE0OF",
        "mangledName": "$s6CMPush0A24_SetApplePushEnvironmentyyAA0aE0OF",
        "moduleName": "CMPush",
        "declAttributes": [
          "AccessControl",
          "RawDocComment"
        ],
        "funcSelfKind": "NonMutating"
      },
      {
        "kind": "Function",
        "name": "CMPush_Config",
        "printedName": "CMPush_Config(applicationKey:groupName:)",
        "children": [
          {
            "kind": "TypeNominal",
            "name": "Void",
            "printedName": "()"
          },
          {
            "kind": "TypeNominal",
            "name": "String",
            "printedName": "Swift.String",
            "usr": "s:SS"
          },
          {
            "kind": "TypeNominal",
            "name": "String",
            "printedName": "Swift.String",
            "usr": "s:SS"
          }
        ],
        "declKind": "Func",
        "usr": "s:6CMPush0A7_Config14applicationKey9groupNameySS_SStF",
        "mangledName": "$s6CMPush0A7_Config14applicationKey9groupNameySS_SStF",
        "moduleName": "CMPush",
        "declAttributes": [
          "AccessControl",
          "RawDocComment"
        ],
        "funcSelfKind": "NonMutating"
      },
      {
        "kind": "TypeDecl",
        "name": "CMPushSuggestion",
        "printedName": "CMPushSuggestion",
        "children": [
          {
            "kind": "Var",
            "name": "openURL",
            "printedName": "openURL",
            "children": [
              {
                "kind": "TypeFunc",
                "name": "Function",
                "printedName": "(CMPush.CMPushSuggestion.Type) -> (Swift.String, Foundation.URL) -> CMPush.CMPushSuggestion",
                "children": [
                  {
                    "kind": "TypeFunc",
                    "name": "Function",
                    "printedName": "(Swift.String, Foundation.URL) -> CMPush.CMPushSuggestion",
                    "children": [
                      {
                        "kind": "TypeNominal",
                        "name": "CMPushSuggestion",
                        "printedName": "CMPush.CMPushSuggestion",
                        "usr": "s:6CMPush0A10SuggestionO"
                      },
                      {
                        "kind": "TypeNominal",
                        "name": "Tuple",
                        "printedName": "(label: Swift.String, url: Foundation.URL)",
                        "children": [
                          {
                            "kind": "TypeNominal",
                            "name": "String",
                            "printedName": "Swift.String",
                            "usr": "s:SS"
                          },
                          {
                            "kind": "TypeNominal",
                            "name": "URL",
                            "printedName": "Foundation.URL",
                            "usr": "s:10Foundation3URLV"
                          }
                        ]
                      }
                    ]
                  },
                  {
                    "kind": "TypeNominal",
                    "name": "Metatype",
                    "printedName": "CMPush.CMPushSuggestion.Type",
                    "children": [
                      {
                        "kind": "TypeNominal",
                        "name": "CMPushSuggestion",
                        "printedName": "CMPush.CMPushSuggestion",
                        "usr": "s:6CMPush0A10SuggestionO"
                      }
                    ]
                  }
                ]
              }
            ],
            "declKind": "EnumElement",
            "usr": "s:6CMPush0A10SuggestionO7openURLyACSS_10Foundation0D0VtcACmF",
            "mangledName": "$s6CMPush0A10SuggestionO7openURLyACSS_10Foundation0D0VtcACmF",
            "moduleName": "CMPush",
            "declAttributes": [
              "RawDocComment"
            ]
          },
          {
            "kind": "Var",
            "name": "openAppPage",
            "printedName": "openAppPage",
            "children": [
              {
                "kind": "TypeFunc",
                "name": "Function",
                "printedName": "(CMPush.CMPushSuggestion.Type) -> (Swift.String, Swift.String) -> CMPush.CMPushSuggestion",
                "children": [
                  {
                    "kind": "TypeFunc",
                    "name": "Function",
                    "printedName": "(Swift.String, Swift.String) -> CMPush.CMPushSuggestion",
                    "children": [
                      {
                        "kind": "TypeNominal",
                        "name": "CMPushSuggestion",
                        "printedName": "CMPush.CMPushSuggestion",
                        "usr": "s:6CMPush0A10SuggestionO"
                      },
                      {
                        "kind": "TypeNominal",
                        "name": "Tuple",
                        "printedName": "(label: Swift.String, page: Swift.String)",
                        "children": [
                          {
                            "kind": "TypeNominal",
                            "name": "String",
                            "printedName": "Swift.String",
                            "usr": "s:SS"
                          },
                          {
                            "kind": "TypeNominal",
                            "name": "String",
                            "printedName": "Swift.String",
                            "usr": "s:SS"
                          }
                        ]
                      }
                    ]
                  },
                  {
                    "kind": "TypeNominal",
                    "name": "Metatype",
                    "printedName": "CMPush.CMPushSuggestion.Type",
                    "children": [
                      {
                        "kind": "TypeNominal",
                        "name": "CMPushSuggestion",
                        "printedName": "CMPush.CMPushSuggestion",
                        "usr": "s:6CMPush0A10SuggestionO"
                      }
                    ]
                  }
                ]
              }
            ],
            "declKind": "EnumElement",
            "usr": "s:6CMPush0A10SuggestionO11openAppPageyACSS_SStcACmF",
            "mangledName": "$s6CMPush0A10SuggestionO11openAppPageyACSS_SStcACmF",
            "moduleName": "CMPush",
            "declAttributes": [
              "RawDocComment"
            ]
          },
          {
            "kind": "Var",
            "name": "reply",
            "printedName": "reply",
            "children": [
              {
                "kind": "TypeFunc",
                "name": "Function",
                "printedName": "(CMPush.CMPushSuggestion.Type) -> (Swift.String, Swift.String) -> CMPush.CMPushSuggestion",
                "children": [
                  {
                    "kind": "TypeFunc",
                    "name": "Function",
                    "printedName": "(Swift.String, Swift.String) -> CMPush.CMPushSuggestion",
                    "children": [
                      {
                        "kind": "TypeNominal",
                        "name": "CMPushSuggestion",
                        "printedName": "CMPush.CMPushSuggestion",
                        "usr": "s:6CMPush0A10SuggestionO"
                      },
                      {
                        "kind": "TypeNominal",
                        "name": "Tuple",
                        "printedName": "(label: Swift.String, postbackdata: Swift.String)",
                        "children": [
                          {
                            "kind": "TypeNominal",
                            "name": "String",
                            "printedName": "Swift.String",
                            "usr": "s:SS"
                          },
                          {
                            "kind": "TypeNominal",
                            "name": "String",
                            "printedName": "Swift.String",
                            "usr": "s:SS"
                          }
                        ]
                      }
                    ]
                  },
                  {
                    "kind": "TypeNominal",
                    "name": "Metatype",
                    "printedName": "CMPush.CMPushSuggestion.Type",
                    "children": [
                      {
                        "kind": "TypeNominal",
                        "name": "CMPushSuggestion",
                        "printedName": "CMPush.CMPushSuggestion",
                        "usr": "s:6CMPush0A10SuggestionO"
                      }
                    ]
                  }
                ]
              }
            ],
            "declKind": "EnumElement",
            "usr": "s:6CMPush0A10SuggestionO5replyyACSS_SStcACmF",
            "mangledName": "$s6CMPush0A10SuggestionO5replyyACSS_SStcACmF",
            "moduleName": "CMPush",
            "declAttributes": [
              "RawDocComment"
            ]
          }
        ],
        "declKind": "Enum",
        "usr": "s:6CMPush0A10SuggestionO",
        "mangledName": "$s6CMPush0A10SuggestionO",
        "moduleName": "CMPush",
        "declAttributes": [
          "AccessControl",
          "RawDocComment"
        ],
        "conformances": [
          {
            "kind": "Conformance",
            "name": "Copyable",
            "printedName": "Copyable",
            "usr": "s:s8CopyableP",
            "mangledName": "$ss8CopyableP"
          },
          {
            "kind": "Conformance",
            "name": "Escapable",
            "printedName": "Escapable",
            "usr": "s:s9EscapableP",
            "mangledName": "$ss9EscapableP"
          }
        ]
      },
      {
        "kind": "TypeDecl",
        "name": "CMPushDelegate",
        "printedName": "CMPushDelegate",
        "children": [
          {
            "kind": "Function",
            "name": "cmPushHandleSuggestion",
            "printedName": "cmPushHandleSuggestion(_:)",
            "children": [
              {
                "kind": "TypeNominal",
                "name": "Void",
                "printedName": "()"
              },
              {
                "kind": "TypeNominal",
                "name": "CMPushSuggestion",
                "printedName": "CMPush.CMPushSuggestion",
                "usr": "s:6CMPush0A10SuggestionO"
              }
            ],
            "declKind": "Func",
            "usr": "s:6CMPush0A8DelegateP22cmPushHandleSuggestionyyAA0aF0OF",
            "mangledName": "$s6CMPush0A8DelegateP22cmPushHandleSuggestionyyAA0aF0OF",
            "moduleName": "CMPush",
            "genericSig": "<τ_0_0 where τ_0_0 : CMPush.CMPushDelegate>",
            "sugared_genericSig": "<Self where Self : CMPush.CMPushDelegate>",
            "protocolReq": true,
            "declAttributes": [
              "RawDocComment"
            ],
            "reqNewWitnessTableEntry": true,
            "funcSelfKind": "NonMutating"
          }
        ],
        "declKind": "Protocol",
        "usr": "s:6CMPush0A8DelegateP",
        "mangledName": "$s6CMPush0A8DelegateP",
        "moduleName": "CMPush",
        "genericSig": "<τ_0_0 : AnyObject>",
        "sugared_genericSig": "<Self : AnyObject>",
        "declAttributes": [
          "AccessControl",
          "RawDocComment"
        ],
        "conformances": [
          {
            "kind": "Conformance",
            "name": "Escapable",
            "printedName": "Escapable",
            "usr": "s:s9EscapableP",
            "mangledName": "$ss9EscapableP"
          },
          {
            "kind": "Conformance",
            "name": "Copyable",
            "printedName": "Copyable",
            "usr": "s:s8CopyableP",
            "mangledName": "$ss8CopyableP"
          }
        ]
      },
      {
        "kind": "Function",
        "name": "CMPush_SetDelegate",
        "printedName": "CMPush_SetDelegate(_:)",
        "children": [
          {
            "kind": "TypeNominal",
            "name": "Void",
            "printedName": "()"
          },
          {
            "kind": "TypeNominal",
            "name": "Optional",
            "printedName": "(any CMPush.CMPushDelegate)?",
            "children": [
              {
                "kind": "TypeNominal",
                "name": "CMPushDelegate",
                "printedName": "any CMPush.CMPushDelegate",
                "usr": "s:6CMPush0A8DelegateP"
              }
            ],
            "usr": "s:Sq"
          }
        ],
        "declKind": "Func",
        "usr": "s:6CMPush0A12_SetDelegateyyAA0aC0_pSgF",
        "mangledName": "$s6CMPush0A12_SetDelegateyyAA0aC0_pSgF",
        "moduleName": "CMPush",
        "declAttributes": [
          "AccessControl",
          "RawDocComment"
        ],
        "funcSelfKind": "NonMutating"
      },
      {
        "kind": "Function",
        "name": "CMPush_UpdateToken",
        "printedName": "CMPush_UpdateToken(deviceToken:withResult:)",
        "children": [
          {
            "kind": "TypeNominal",
            "name": "Void",
            "printedName": "()"
          },
          {
            "kind": "TypeNominal",
            "name": "Data",
            "printedName": "Foundation.Data",
            "usr": "s:10Foundation4DataV"
          },
          {
            "kind": "TypeFunc",
            "name": "Function",
            "printedName": "(Swift.Result<Swift.String, CMPush.CMPushError>) -> ()",
            "children": [
              {
                "kind": "TypeNominal",
                "name": "Void",
                "printedName": "()"
              },
              {
                "kind": "TypeNominal",
                "name": "Result",
                "printedName": "Swift.Result<Swift.String, CMPush.CMPushError>",
                "children": [
                  {
                    "kind": "TypeNominal",
                    "name": "String",
                    "printedName": "Swift.String",
                    "usr": "s:SS"
                  },
                  {
                    "kind": "TypeNominal",
                    "name": "CMPushError",
                    "printedName": "CMPush.CMPushError",
                    "usr": "s:6CMPush0A5ErrorO"
                  }
                ],
                "usr": "s:s6ResultO"
              }
            ]
          }
        ],
        "declKind": "Func",
        "usr": "s:6CMPush0A12_UpdateToken06deviceC010withResulty10Foundation4DataV_ys0F0OySSAA0A5ErrorOGctF",
        "mangledName": "$s6CMPush0A12_UpdateToken06deviceC010withResulty10Foundation4DataV_ys0F0OySSAA0A5ErrorOGctF",
        "moduleName": "CMPush",
        "declAttributes": [
          "AccessControl",
          "RawDocComment"
        ],
        "funcSelfKind": "NonMutating"
      },
      {
        "kind": "Function",
        "name": "CMPush_UpdateMSISDN",
        "printedName": "CMPush_UpdateMSISDN(_:withResult:)",
        "children": [
          {
            "kind": "TypeNominal",
            "name": "Void",
            "printedName": "()"
          },
          {
            "kind": "TypeNominal",
            "name": "String",
            "printedName": "Swift.String",
            "usr": "s:SS"
          },
          {
            "kind": "TypeFunc",
            "name": "Function",
            "printedName": "(Swift.Result<(), CMPush.CMPushError>) -> ()",
            "children": [
              {
                "kind": "TypeNominal",
                "name": "Void",
                "printedName": "()"
              },
              {
                "kind": "TypeNominal",
                "name": "Result",
                "printedName": "Swift.Result<(), CMPush.CMPushError>",
                "children": [
                  {
                    "kind": "TypeNominal",
                    "name": "Void",
                    "printedName": "()"
                  },
                  {
                    "kind": "TypeNominal",
                    "name": "CMPushError",
                    "printedName": "CMPush.CMPushError",
                    "usr": "s:6CMPush0A5ErrorO"
                  }
                ],
                "usr": "s:s6ResultO"
              }
            ]
          }
        ],
        "declKind": "Func",
        "usr": "s:6CMPush0A13_UpdateMSISDN_10withResultySS_ys0E0OyytAA0A5ErrorOGctF",
        "mangledName": "$s6CMPush0A13_UpdateMSISDN_10withResultySS_ys0E0OyytAA0A5ErrorOGctF",
        "moduleName": "CMPush",
        "deprecated": true,
        "declAttributes": [
          "AccessControl",
          "Available",
          "RawDocComment"
        ],
        "funcSelfKind": "NonMutating"
      },
      {
        "kind": "Function",
        "name": "CMPush_UpdateOTP",
        "printedName": "CMPush_UpdateOTP(msisdn:otp:withResult:)",
        "children": [
          {
            "kind": "TypeNominal",
            "name": "Void",
            "printedName": "()"
          },
          {
            "kind": "TypeNominal",
            "name": "String",
            "printedName": "Swift.String",
            "usr": "s:SS"
          },
          {
            "kind": "TypeNominal",
            "name": "String",
            "printedName": "Swift.String",
            "usr": "s:SS"
          },
          {
            "kind": "TypeFunc",
            "name": "Function",
            "printedName": "(Swift.Result<(), CMPush.CMPushError>) -> ()",
            "children": [
              {
                "kind": "TypeNominal",
                "name": "Void",
                "printedName": "()"
              },
              {
                "kind": "TypeNominal",
                "name": "Result",
                "printedName": "Swift.Result<(), CMPush.CMPushError>",
                "children": [
                  {
                    "kind": "TypeNominal",
                    "name": "Void",
                    "printedName": "()"
                  },
                  {
                    "kind": "TypeNominal",
                    "name": "CMPushError",
                    "printedName": "CMPush.CMPushError",
                    "usr": "s:6CMPush0A5ErrorO"
                  }
                ],
                "usr": "s:s6ResultO"
              }
            ]
          }
        ],
        "declKind": "Func",
        "usr": "s:6CMPush0A10_UpdateOTP6msisdn3otp10withResultySS_SSys0G0OyytAA0A5ErrorOGctF",
        "mangledName": "$s6CMPush0A10_UpdateOTP6msisdn3otp10withResultySS_SSys0G0OyytAA0A5ErrorOGctF",
        "moduleName": "CMPush",
        "deprecated": true,
        "declAttributes": [
          "AccessControl",
          "Available",
          "RawDocComment"
        ],
        "funcSelfKind": "NonMutating"
      },
      {
        "kind": "Function",
        "name": "CMPush_UpdatePushAuthorization",
        "printedName": "CMPush_UpdatePushAuthorization()",
        "children": [
          {
            "kind": "TypeNominal",
            "name": "Void",
            "printedName": "()"
          }
        ],
        "declKind": "Func",
        "usr": "s:6CMPush0A24_UpdatePushAuthorizationyyF",
        "mangledName": "$s6CMPush0A24_UpdatePushAuthorizationyyF",
        "moduleName": "CMPush",
        "declAttributes": [
          "AccessControl",
          "RawDocComment"
        ],
        "funcSelfKind": "NonMutating"
      },
      {
        "kind": "Function",
        "name": "CMPush_UnregisterMSISDN",
        "printedName": "CMPush_UnregisterMSISDN(withResult:)",
        "children": [
          {
            "kind": "TypeNominal",
            "name": "Void",
            "printedName": "()"
          },
          {
            "kind": "TypeFunc",
            "name": "Function",
            "printedName": "(Swift.Result<(), CMPush.CMPushError>) -> ()",
            "children": [
              {
                "kind": "TypeNominal",
                "name": "Void",
                "printedName": "()"
              },
              {
                "kind": "TypeNominal",
                "name": "Result",
                "printedName": "Swift.Result<(), CMPush.CMPushError>",
                "children": [
                  {
                    "kind": "TypeNominal",
                    "name": "Void",
                    "printedName": "()"
                  },
                  {
                    "kind": "TypeNominal",
                    "name": "CMPushError",
                    "printedName": "CMPush.CMPushError",
                    "usr": "s:6CMPush0A5ErrorO"
                  }
                ],
                "usr": "s:s6ResultO"
              }
            ]
          }
        ],
        "declKind": "Func",
        "usr": "s:6CMPush0A17_UnregisterMSISDN10withResultyys0E0OyytAA0A5ErrorOGc_tF",
        "mangledName": "$s6CMPush0A17_UnregisterMSISDN10withResultyys0E0OyytAA0A5ErrorOGc_tF",
        "moduleName": "CMPush",
        "deprecated": true,
        "declAttributes": [
          "AccessControl",
          "Available",
          "RawDocComment"
        ],
        "funcSelfKind": "NonMutating"
      },
      {
        "kind": "Function",
        "name": "CMPush_IsRegistered",
        "printedName": "CMPush_IsRegistered()",
        "children": [
          {
            "kind": "TypeNominal",
            "name": "Bool",
            "printedName": "Swift.Bool",
            "usr": "s:Sb"
          }
        ],
        "declKind": "Func",
        "usr": "s:6CMPush0A13_IsRegisteredSbyF",
        "mangledName": "$s6CMPush0A13_IsRegisteredSbyF",
        "moduleName": "CMPush",
        "declAttributes": [
          "AccessControl",
          "RawDocComment"
        ],
        "funcSelfKind": "NonMutating"
      },
      {
        "kind": "Function",
        "name": "CMPush_InstallationID",
        "printedName": "CMPush_InstallationID()",
        "children": [
          {
            "kind": "TypeNominal",
            "name": "Optional",
            "printedName": "Swift.String?",
            "children": [
              {
                "kind": "TypeNominal",
                "name": "String",
                "printedName": "Swift.String",
                "usr": "s:SS"
              }
            ],
            "usr": "s:Sq"
          }
        ],
        "declKind": "Func",
        "usr": "s:6CMPush0A15_InstallationIDSSSgyF",
        "mangledName": "$s6CMPush0A15_InstallationIDSSSgyF",
        "moduleName": "CMPush",
        "declAttributes": [
          "AccessControl",
          "RawDocComment"
        ],
        "funcSelfKind": "NonMutating"
      },
      {
        "kind": "Function",
        "name": "CMPush_HasRegisteredMSISDN",
        "printedName": "CMPush_HasRegisteredMSISDN()",
        "children": [
          {
            "kind": "TypeNominal",
            "name": "Bool",
            "printedName": "Swift.Bool",
            "usr": "s:Sb"
          }
        ],
        "declKind": "Func",
        "usr": "s:6CMPush0A20_HasRegisteredMSISDNSbyF",
        "mangledName": "$s6CMPush0A20_HasRegisteredMSISDNSbyF",
        "moduleName": "CMPush",
        "deprecated": true,
        "declAttributes": [
          "AccessControl",
          "Available",
          "RawDocComment"
        ],
        "funcSelfKind": "NonMutating"
      },
      {
        "kind": "Function",
        "name": "CMPush_HandleNotificationRequest",
        "printedName": "CMPush_HandleNotificationRequest(_:withContentHandler:)",
        "children": [
          {
            "kind": "TypeNominal",
            "name": "Void",
            "printedName": "()"
          },
          {
            "kind": "TypeNominal",
            "name": "UNNotificationRequest",
            "printedName": "UserNotifications.UNNotificationRequest",
            "usr": "c:objc(cs)UNNotificationRequest"
          },
          {
            "kind": "TypeFunc",
            "name": "Function",
            "printedName": "(UserNotifications.UNNotificationContent) -> ()",
            "children": [
              {
                "kind": "TypeNominal",
                "name": "Void",
                "printedName": "()"
              },
              {
                "kind": "TypeNominal",
                "name": "UNNotificationContent",
                "printedName": "UserNotifications.UNNotificationContent",
                "usr": "c:objc(cs)UNNotificationContent"
              }
            ]
          }
        ],
        "declKind": "Func",
        "usr": "s:6CMPush0A26_HandleNotificationRequest_18withContentHandlerySo014UNNotificationD0C_ySo0hF0CctF",
        "mangledName": "$s6CMPush0A26_HandleNotificationRequest_18withContentHandlerySo014UNNotificationD0C_ySo0hF0CctF",
        "moduleName": "CMPush",
        "declAttributes": [
          "AccessControl",
          "RawDocComment"
        ],
        "funcSelfKind": "NonMutating"
      },
      {
        "kind": "Function",
        "name": "CMPush_HandleNotificationResponse",
        "printedName": "CMPush_HandleNotificationResponse(_:withCompletionHandler:)",
        "children": [
          {
            "kind": "TypeNominal",
            "name": "Void",
            "printedName": "()"
          },
          {
            "kind": "TypeNominal",
            "name": "UNNotificationResponse",
            "printedName": "UserNotifications.UNNotificationResponse",
            "usr": "c:objc(cs)UNNotificationResponse"
          },
          {
            "kind": "TypeFunc",
            "name": "Function",
            "printedName": "() -> ()",
            "children": [
              {
                "kind": "TypeNominal",
                "name": "Void",
                "printedName": "()"
              },
              {
                "kind": "TypeNominal",
                "name": "Void",
                "printedName": "()"
              }
            ]
          }
        ],
        "declKind": "Func",
        "usr": "s:6CMPush0A27_HandleNotificationResponse_21withCompletionHandlerySo014UNNotificationD0C_yyctF",
        "mangledName": "$s6CMPush0A27_HandleNotificationResponse_21withCompletionHandlerySo014UNNotificationD0C_yyctF",
        "moduleName": "CMPush",
        "declAttributes": [
          "AccessControl",
          "RawDocComment"
        ],
        "funcSelfKind": "NonMutating"
      },
      {
        "kind": "Import",
        "name": "UIKit",
        "printedName": "UIKit",
        "declKind": "Import",
        "moduleName": "CMPush"
      },
      {
        "kind": "Import",
        "name": "Foundation",
        "printedName": "Foundation",
        "declKind": "Import",
        "moduleName": "CMPush"
      },
      {
        "kind": "Import",
        "name": "Foundation",
        "printedName": "Foundation",
        "declKind": "Import",
        "moduleName": "CMPush"
      },
      {
        "kind": "TypeDecl",
        "name": "CMPushError",
        "printedName": "CMPushError",
        "children": [
          {
            "kind": "Var",
            "name": "notRegistered",
            "printedName": "notRegistered",
            "children": [
              {
                "kind": "TypeFunc",
                "name": "Function",
                "printedName": "(CMPush.CMPushError.Type) -> CMPush.CMPushError",
                "children": [
                  {
                    "kind": "TypeNominal",
                    "name": "CMPushError",
                    "printedName": "CMPush.CMPushError",
                    "usr": "s:6CMPush0A5ErrorO"
                  },
                  {
                    "kind": "TypeNominal",
                    "name": "Metatype",
                    "printedName": "CMPush.CMPushError.Type",
                    "children": [
                      {
                        "kind": "TypeNominal",
                        "name": "CMPushError",
                        "printedName": "CMPush.CMPushError",
                        "usr": "s:6CMPush0A5ErrorO"
                      }
                    ]
                  }
                ]
              }
            ],
            "declKind": "EnumElement",
            "usr": "s:6CMPush0A5ErrorO13notRegisteredyA2CmF",
            "mangledName": "$s6CMPush0A5ErrorO13notRegisteredyA2CmF",
            "moduleName": "CMPush",
            "declAttributes": [
              "RawDocComment"
            ]
          },
          {
            "kind": "Var",
            "name": "noMsisdn",
            "printedName": "noMsisdn",
            "children": [
              {
                "kind": "TypeFunc",
                "name": "Function",
                "printedName": "(CMPush.CMPushError.Type) -> CMPush.CMPushError",
                "children": [
                  {
                    "kind": "TypeNominal",
                    "name": "CMPushError",
                    "printedName": "CMPush.CMPushError",
                    "usr": "s:6CMPush0A5ErrorO"
                  },
                  {
                    "kind": "TypeNominal",
                    "name": "Metatype",
                    "printedName": "CMPush.CMPushError.Type",
                    "children": [
                      {
                        "kind": "TypeNominal",
                        "name": "CMPushError",
                        "printedName": "CMPush.CMPushError",
                        "usr": "s:6CMPush0A5ErrorO"
                      }
                    ]
                  }
                ]
              }
            ],
            "declKind": "EnumElement",
            "usr": "s:6CMPush0A5ErrorO8noMsisdnyA2CmF",
            "mangledName": "$s6CMPush0A5ErrorO8noMsisdnyA2CmF",
            "moduleName": "CMPush",
            "declAttributes": [
              "RawDocComment"
            ]
          },
          {
            "kind": "Var",
            "name": "offline",
            "printedName": "offline",
            "children": [
              {
                "kind": "TypeFunc",
                "name": "Function",
                "printedName": "(CMPush.CMPushError.Type) -> (any Swift.Error) -> CMPush.CMPushError",
                "children": [
                  {
                    "kind": "TypeFunc",
                    "name": "Function",
                    "printedName": "(any Swift.Error) -> CMPush.CMPushError",
                    "children": [
                      {
                        "kind": "TypeNominal",
                        "name": "CMPushError",
                        "printedName": "CMPush.CMPushError",
                        "usr": "s:6CMPush0A5ErrorO"
                      },
                      {
                        "kind": "TypeNominal",
                        "name": "Tuple",
                        "printedName": "(error: any Swift.Error)",
                        "children": [
                          {
                            "kind": "TypeNominal",
                            "name": "Error",
                            "printedName": "any Swift.Error",
                            "usr": "s:s5ErrorP"
                          }
                        ]
                      }
                    ]
                  },
                  {
                    "kind": "TypeNominal",
                    "name": "Metatype",
                    "printedName": "CMPush.CMPushError.Type",
                    "children": [
                      {
                        "kind": "TypeNominal",
                        "name": "CMPushError",
                        "printedName": "CMPush.CMPushError",
                        "usr": "s:6CMPush0A5ErrorO"
                      }
                    ]
                  }
                ]
              }
            ],
            "declKind": "EnumElement",
            "usr": "s:6CMPush0A5ErrorO7offlineyACs0B0_p_tcACmF",
            "mangledName": "$s6CMPush0A5ErrorO7offlineyACs0B0_p_tcACmF",
            "moduleName": "CMPush",
            "declAttributes": [
              "RawDocComment"
            ]
          },
          {
            "kind": "Var",
            "name": "serverError",
            "printedName": "serverError",
            "children": [
              {
                "kind": "TypeFunc",
                "name": "Function",
                "printedName": "(CMPush.CMPushError.Type) -> (Swift.String, Swift.String?) -> CMPush.CMPushError",
                "children": [
                  {
                    "kind": "TypeFunc",
                    "name": "Function",
                    "printedName": "(Swift.String, Swift.String?) -> CMPush.CMPushError",
                    "children": [
                      {
                        "kind": "TypeNominal",
                        "name": "CMPushError",
                        "printedName": "CMPush.CMPushError",
                        "usr": "s:6CMPush0A5ErrorO"
                      },
                      {
                        "kind": "TypeNominal",
                        "name": "Tuple",
                        "printedName": "(message: Swift.String, details: Swift.String?)",
                        "children": [
                          {
                            "kind": "TypeNominal",
                            "name": "String",
                            "printedName": "Swift.String",
                            "usr": "s:SS"
                          },
                          {
                            "kind": "TypeNominal",
                            "name": "Optional",
                            "printedName": "Swift.String?",
                            "children": [
                              {
                                "kind": "TypeNominal",
                                "name": "String",
                                "printedName": "Swift.String",
                                "usr": "s:SS"
                              }
                            ],
                            "usr": "s:Sq"
                          }
                        ]
                      }
                    ]
                  },
                  {
                    "kind": "TypeNominal",
                    "name": "Metatype",
                    "printedName": "CMPush.CMPushError.Type",
                    "children": [
                      {
                        "kind": "TypeNominal",
                        "name": "CMPushError",
                        "printedName": "CMPush.CMPushError",
                        "usr": "s:6CMPush0A5ErrorO"
                      }
                    ]
                  }
                ]
              }
            ],
            "declKind": "EnumElement",
            "usr": "s:6CMPush0A5ErrorO06serverB0yACSS_SSSgtcACmF",
            "mangledName": "$s6CMPush0A5ErrorO06serverB0yACSS_SSSgtcACmF",
            "moduleName": "CMPush",
            "declAttributes": [
              "RawDocComment"
            ]
          },
          {
            "kind": "Var",
            "name": "systemError",
            "printedName": "systemError",
            "children": [
              {
                "kind": "TypeFunc",
                "name": "Function",
                "printedName": "(CMPush.CMPushError.Type) -> (any Swift.Error) -> CMPush.CMPushError",
                "children": [
                  {
                    "kind": "TypeFunc",
                    "name": "Function",
                    "printedName": "(any Swift.Error) -> CMPush.CMPushError",
                    "children": [
                      {
                        "kind": "TypeNominal",
                        "name": "CMPushError",
                        "printedName": "CMPush.CMPushError",
                        "usr": "s:6CMPush0A5ErrorO"
                      },
                      {
                        "kind": "TypeNominal",
                        "name": "Tuple",
                        "printedName": "(error: any Swift.Error)",
                        "children": [
                          {
                            "kind": "TypeNominal",
                            "name": "Error",
                            "printedName": "any Swift.Error",
                            "usr": "s:s5ErrorP"
                          }
                        ]
                      }
                    ]
                  },
                  {
                    "kind": "TypeNominal",
                    "name": "Metatype",
                    "printedName": "CMPush.CMPushError.Type",
                    "children": [
                      {
                        "kind": "TypeNominal",
                        "name": "CMPushError",
                        "printedName": "CMPush.CMPushError",
                        "usr": "s:6CMPush0A5ErrorO"
                      }
                    ]
                  }
                ]
              }
            ],
            "declKind": "EnumElement",
            "usr": "s:6CMPush0A5ErrorO06systemB0yACs0B0_p_tcACmF",
            "mangledName": "$s6CMPush0A5ErrorO06systemB0yACs0B0_p_tcACmF",
            "moduleName": "CMPush",
            "declAttributes": [
              "RawDocComment"
            ]
          },
          {
            "kind": "Var",
            "name": "internalError",
            "printedName": "internalError",
            "children": [
              {
                "kind": "TypeFunc",
                "name": "Function",
                "printedName": "(CMPush.CMPushError.Type) -> (Swift.String) -> CMPush.CMPushError",
                "children": [
                  {
                    "kind": "TypeFunc",
                    "name": "Function",
                    "printedName": "(Swift.String) -> CMPush.CMPushError",
                    "children": [
                      {
                        "kind": "TypeNominal",
                        "name": "CMPushError",
                        "printedName": "CMPush.CMPushError",
                        "usr": "s:6CMPush0A5ErrorO"
                      },
                      {
                        "kind": "TypeNominal",
                        "name": "Tuple",
                        "printedName": "(message: Swift.String)",
                        "children": [
                          {
                            "kind": "TypeNominal",
                            "name": "String",
                            "printedName": "Swift.String",
                            "usr": "s:SS"
                          }
                        ]
                      }
                    ]
                  },
                  {
                    "kind": "TypeNominal",
                    "name": "Metatype",
                    "printedName": "CMPush.CMPushError.Type",
                    "children": [
                      {
                        "kind": "TypeNominal",
                        "name": "CMPushError",
                        "printedName": "CMPush.CMPushError",
                        "usr": "s:6CMPush0A5ErrorO"
                      }
                    ]
                  }
                ]
              }
            ],
            "declKind": "EnumElement",
            "usr": "s:6CMPush0A5ErrorO08internalB0yACSS_tcACmF",
            "mangledName": "$s6CMPush0A5ErrorO08internalB0yACSS_tcACmF",
            "moduleName": "CMPush",
            "declAttributes": [
              "RawDocComment"
            ]
          },
          {
            "kind": "Var",
            "name": "localizedDescription",
            "printedName": "localizedDescription",
            "children": [
              {
                "kind": "TypeNominal",
                "name": "String",
                "printedName": "Swift.String",
                "usr": "s:SS"
              }
            ],
            "declKind": "Var",
            "usr": "s:6CMPush0A5ErrorO20localizedDescriptionSSvp",
            "mangledName": "$s6CMPush0A5ErrorO20localizedDescriptionSSvp",
            "moduleName": "CMPush",
            "isFromExtension": true,
            "accessors": [
              {
                "kind": "Accessor",
                "name": "Get",
                "printedName": "Get()",
                "children": [
                  {
                    "kind": "TypeNominal",
                    "name": "String",
                    "printedName": "Swift.String",
                    "usr": "s:SS"
                  }
                ],
                "declKind": "Accessor",
                "usr": "s:6CMPush0A5ErrorO20localizedDescriptionSSvg",
                "mangledName": "$s6CMPush0A5ErrorO20localizedDescriptionSSvg",
                "moduleName": "CMPush",
                "isFromExtension": true,
                "accessorKind": "get"
              }
            ]
          }
        ],
        "declKind": "Enum",
        "usr": "s:6CMPush0A5ErrorO",
        "mangledName": "$s6CMPush0A5ErrorO",
        "moduleName": "CMPush",
        "declAttributes": [
          "AccessControl",
          "RawDocComment"
        ],
        "conformances": [
          {
            "kind": "Conformance",
            "name": "Copyable",
            "printedName": "Copyable",
            "usr": "s:s8CopyableP",
            "mangledName": "$ss8CopyableP"
          },
          {
            "kind": "Conformance",
            "name": "Escapable",
            "printedName": "Escapable",
            "usr": "s:s9EscapableP",
            "mangledName": "$ss9EscapableP"
          },
          {
            "kind": "Conformance",
            "name": "Error",
            "printedName": "Error",
            "usr": "s:s5ErrorP",
            "mangledName": "$ss5ErrorP"
          },
          {
            "kind": "Conformance",
            "name": "Sendable",
            "printedName": "Sendable",
            "usr": "s:s8SendableP",
            "mangledName": "$ss8SendableP"
          }
        ]
      },
      {
        "kind": "Import",
        "name": "CommonCrypto",
        "printedName": "CommonCrypto",
        "declKind": "Import",
        "moduleName": "CMPush"
      },
      {
        "kind": "Import",
        "name": "CryptoKit",
        "printedName": "CryptoKit",
        "declKind": "Import",
        "moduleName": "CMPush"
      },
      {
        "kind": "Import",
        "name": "Foundation",
        "printedName": "Foundation",
        "declKind": "Import",
        "moduleName": "CMPush"
      },
      {
        "kind": "TypeDecl",
        "name": "CMPushEnvironment",
        "printedName": "CMPushEnvironment",
        "children": [
          {
            "kind": "Var",
            "name": "Production",
            "printedName": "Production",
            "children": [
              {
                "kind": "TypeFunc",
                "name": "Function",
                "printedName": "(CMPush.CMPushEnvironment.Type) -> CMPush.CMPushEnvironment",
                "children": [
                  {
                    "kind": "TypeNominal",
                    "name": "CMPushEnvironment",
                    "printedName": "CMPush.CMPushEnvironment",
                    "usr": "s:6CMPush0A11EnvironmentO"
                  },
                  {
                    "kind": "TypeNominal",
                    "name": "Metatype",
                    "printedName": "CMPush.CMPushEnvironment.Type",
                    "children": [
                      {
                        "kind": "TypeNominal",
                        "name": "CMPushEnvironment",
                        "printedName": "CMPush.CMPushEnvironment",
                        "usr": "s:6CMPush0A11EnvironmentO"
                      }
                    ]
                  }
                ]
              }
            ],
            "declKind": "EnumElement",
            "usr": "s:6CMPush0A11EnvironmentO10ProductionyA2CmF",
            "mangledName": "$s6CMPush0A11EnvironmentO10ProductionyA2CmF",
            "moduleName": "CMPush",
            "declAttributes": [
              "RawDocComment"
            ]
          },
          {
            "kind": "Var",
            "name": "Sandbox",
            "printedName": "Sandbox",
            "children": [
              {
                "kind": "TypeFunc",
                "name": "Function",
                "printedName": "(CMPush.CMPushEnvironment.Type) -> CMPush.CMPushEnvironment",
                "children": [
                  {
                    "kind": "TypeNominal",
                    "name": "CMPushEnvironment",
                    "printedName": "CMPush.CMPushEnvironment",
                    "usr": "s:6CMPush0A11EnvironmentO"
                  },
                  {
                    "kind": "TypeNominal",
                    "name": "Metatype",
                    "printedName": "CMPush.CMPushEnvironment.Type",
                    "children": [
                      {
                        "kind": "TypeNominal",
                        "name": "CMPushEnvironment",
                        "printedName": "CMPush.CMPushEnvironment",
                        "usr": "s:6CMPush0A11EnvironmentO"
                      }
                    ]
                  }
                ]
              }
            ],
            "declKind": "EnumElement",
            "usr": "s:6CMPush0A11EnvironmentO7SandboxyA2CmF",
            "mangledName": "$s6CMPush0A11EnvironmentO7SandboxyA2CmF",
            "moduleName": "CMPush",
            "declAttributes": [
              "RawDocComment"
            ]
          },
          {
            "kind": "Function",
            "name": "==",
            "printedName": "==(_:_:)",
            "children": [
              {
                "kind": "TypeNominal",
                "name": "Bool",
                "printedName": "Swift.Bool",
                "usr": "s:Sb"
              },
              {
                "kind": "TypeNominal",
                "name": "CMPushEnvironment",
                "printedName": "CMPush.CMPushEnvironment",
                "usr": "s:6CMPush0A11EnvironmentO"
              },
              {
                "kind": "TypeNominal",
                "name": "CMPushEnvironment",
                "printedName": "CMPush.CMPushEnvironment",
                "usr": "s:6CMPush0A11EnvironmentO"
              }
            ],
            "declKind": "Func",
            "usr": "s:6CMPush0A11EnvironmentO2eeoiySbAC_ACtFZ",
            "mangledName": "$s6CMPush0A11EnvironmentO2eeoiySbAC_ACtFZ",
            "moduleName": "CMPush",
            "static": true,
            "implicit": true,
            "funcSelfKind": "NonMutating"
          },
          {
            "kind": "Var",
            "name": "hashValue",
            "printedName": "hashValue",
            "children": [
              {
                "kind": "TypeNominal",
                "name": "Int",
                "printedName": "Swift.Int",
                "usr": "s:Si"
              }
            ],
            "declKind": "Var",
            "usr": "s:6CMPush0A11EnvironmentO9hashValueSivp",
            "mangledName": "$s6CMPush0A11EnvironmentO9hashValueSivp",
            "moduleName": "CMPush",
            "implicit": true,
            "accessors": [
              {
                "kind": "Accessor",
                "name": "Get",
                "printedName": "Get()",
                "children": [
                  {
                    "kind": "TypeNominal",
                    "name": "Int",
                    "printedName": "Swift.Int",
                    "usr": "s:Si"
                  }
                ],
                "declKind": "Accessor",
                "usr": "s:6CMPush0A11EnvironmentO9hashValueSivg",
                "mangledName": "$s6CMPush0A11EnvironmentO9hashValueSivg",
                "moduleName": "CMPush",
                "implicit": true,
                "accessorKind": "get"
              }
            ]
          },
          {
            "kind": "Function",
            "name": "hash",
            "printedName": "hash(into:)",
            "children": [
              {
                "kind": "TypeNominal",
                "name": "Void",
                "printedName": "()"
              },
              {
                "kind": "TypeNominal",
                "name": "Hasher",
                "printedName": "Swift.Hasher",
                "paramValueOwnership": "InOut",
                "usr": "s:s6HasherV"
              }
            ],
            "declKind": "Func",
            "usr": "s:6CMPush0A11EnvironmentO4hash4intoys6HasherVz_tF",
            "mangledName": "$s6CMPush0A11EnvironmentO4hash4intoys6HasherVz_tF",
            "moduleName": "CMPush",
            "implicit": true,
            "funcSelfKind": "NonMutating"
          }
        ],
        "declKind": "Enum",
        "usr": "s:6CMPush0A11EnvironmentO",
        "mangledName": "$s6CMPush0A11EnvironmentO",
        "moduleName": "CMPush",
        "declAttributes": [
          "AccessControl",
          "RawDocComment"
        ],
        "conformances": [
          {
            "kind": "Conformance",
            "name": "Copyable",
            "printedName": "Copyable",
            "usr": "s:s8CopyableP",
            "mangledName": "$ss8CopyableP"
          },
          {
            "kind": "Conformance",
            "name": "Escapable",
            "printedName": "Escapable",
            "usr": "s:s9EscapableP",
            "mangledName": "$ss9EscapableP"
          },
          {
            "kind": "Conformance",
            "name": "Equatable",
            "printedName": "Equatable",
            "usr": "s:SQ",
            "mangledName": "$sSQ"
          },
          {
            "kind": "Conformance",
            "name": "Hashable",
            "printedName": "Hashable",
            "usr": "s:SH",
            "mangledName": "$sSH"
          }
        ]
      }
    ],
    "json_format_version": 8
  },
  "ConstValues": [
    {
      "filePath": "\/Users\/nrichter\/Repos\/CM.com\/marketing-mmc-lib-mobile-push-ios\/CMPush\/CMPush.swift",
      "kind": "BooleanLiteral",
      "offset": 416,
      "length": 4,
      "value": "true"
    },
    {
      "filePath": "\/Users\/nrichter\/Repos\/CM.com\/marketing-mmc-lib-mobile-push-ios\/CMPush\/CMPush.swift",
      "kind": "BooleanLiteral",
      "offset": 457,
      "length": 5,
      "value": "false"
    },
    {
      "filePath": "\/Users\/nrichter\/Repos\/CM.com\/marketing-mmc-lib-mobile-push-ios\/CMPush\/CMPush.swift",
      "kind": "StringLiteral",
      "offset": 631,
      "length": 15,
      "value": "\"com.cm.CMPush\""
    },
    {
      "filePath": "\/Users\/nrichter\/Repos\/CM.com\/marketing-mmc-lib-mobile-push-ios\/CMPush\/CMPush.swift",
      "kind": "StringLiteral",
      "offset": 658,
      "length": 8,
      "value": "\"CMPush\""
    },
    {
      "filePath": "\/Users\/nrichter\/Repos\/CM.com\/marketing-mmc-lib-mobile-push-ios\/CMPush\/CMPush.swift",
      "kind": "StringLiteral",
      "offset": 753,
      "length": 15,
      "value": "\"com.cm.CMPush\""
    },
    {
      "filePath": "\/Users\/nrichter\/Repos\/CM.com\/marketing-mmc-lib-mobile-push-ios\/CMPush\/CMPush.swift",
      "kind": "StringLiteral",
      "offset": 780,
      "length": 8,
      "value": "\"CMPush\""
    },
    {
      "filePath": "\/Users\/nrichter\/Repos\/CM.com\/marketing-mmc-lib-mobile-push-ios\/CMPush\/CMPush.swift",
      "kind": "BooleanLiteral",
      "offset": 901,
      "length": 5,
      "value": "false"
    },
    {
      "filePath": "\/Users\/nrichter\/Repos\/CM.com\/marketing-mmc-lib-mobile-push-ios\/CMPush\/CMPush.swift",
      "kind": "StringLiteral",
      "offset": 1627,
      "length": 26,
      "value": "\"CM_PUSH_INSTALLATION_KEY\""
    },
    {
      "filePath": "\/Users\/nrichter\/Repos\/CM.com\/marketing-mmc-lib-mobile-push-ios\/CMPush\/CMPush.swift",
      "kind": "StringLiteral",
      "offset": 1681,
      "length": 20,
      "value": "\"CM_PUSH_MSISDN_KEY\""
    },
    {
      "filePath": "\/Users\/nrichter\/Repos\/CM.com\/marketing-mmc-lib-mobile-push-ios\/CMPush\/CMPush.swift",
      "kind": "StringLiteral",
      "offset": 1727,
      "length": 17,
      "value": "\"CM_PUSH_OTP_KEY\""
    },
    {
      "filePath": "\/Users\/nrichter\/Repos\/CM.com\/marketing-mmc-lib-mobile-push-ios\/CMPush\/CMPush.swift",
      "kind": "StringLiteral",
      "offset": 1779,
      "length": 27,
      "value": "\"CM_PUSH_REGISTER_HASH_KEY\""
    },
    {
      "filePath": "\/Users\/nrichter\/Repos\/CM.com\/marketing-mmc-lib-mobile-push-ios\/CMPush\/CMPush.swift",
      "kind": "StringLiteral",
      "offset": 1848,
      "length": 11,
      "value": "\"<unknown>\""
    },
    {
      "filePath": "\/Users\/nrichter\/Repos\/CM.com\/marketing-mmc-lib-mobile-push-ios\/CMPush\/CMPush.swift",
      "kind": "StringLiteral",
      "offset": 1896,
      "length": 11,
      "value": "\"<unknown>\""
    },
    {
      "filePath": "\/Users\/nrichter\/Repos\/CM.com\/marketing-mmc-lib-mobile-push-ios\/CMPush\/CMPush.swift",
      "kind": "StringLiteral",
      "offset": 2803,
      "length": 53,
      "value": "\"https:\/\/api.cm.com\/channelswebhook\/push\/v2\/accounts\""
    },
    {
      "filePath": "\/Users\/nrichter\/Repos\/CM.com\/marketing-mmc-lib-mobile-push-ios\/CMPush\/CMPush.swift",
      "kind": "StringLiteral",
      "offset": 13344,
      "length": 25,
      "value": "\"com.cm.cmpush.category-\""
    },
    {
      "filePath": "\/Users\/nrichter\/Repos\/CM.com\/marketing-mmc-lib-mobile-push-ios\/CMPush\/CMPush.swift",
      "kind": "StringLiteral",
      "offset": 13403,
      "length": 23,
      "value": "\"com.cm.cmpush.action-\""
    },
    {
      "filePath": "\/Users\/nrichter\/Repos\/CM.com\/marketing-mmc-lib-mobile-push-ios\/CMPush\/CMPush.swift",
      "kind": "StringLiteral",
      "offset": 16849,
      "length": 12,
      "value": "\"audio\/mpeg\""
    },
    {
      "filePath": "\/Users\/nrichter\/Repos\/CM.com\/marketing-mmc-lib-mobile-push-ios\/CMPush\/CMPush.swift",
      "kind": "StringLiteral",
      "offset": 16886,
      "length": 11,
      "value": "\"audio\/m4a\""
    },
    {
      "filePath": "\/Users\/nrichter\/Repos\/CM.com\/marketing-mmc-lib-mobile-push-ios\/CMPush\/CMPush.swift",
      "kind": "StringLiteral",
      "offset": 16922,
      "length": 12,
      "value": "\"image\/jpeg\""
    },
    {
      "filePath": "\/Users\/nrichter\/Repos\/CM.com\/marketing-mmc-lib-mobile-push-ios\/CMPush\/CMPush.swift",
      "kind": "StringLiteral",
      "offset": 16959,
      "length": 11,
      "value": "\"image\/png\""
    },
    {
      "filePath": "\/Users\/nrichter\/Repos\/CM.com\/marketing-mmc-lib-mobile-push-ios\/CMPush\/CMPush.swift",
      "kind": "StringLiteral",
      "offset": 16995,
      "length": 11,
      "value": "\"image\/gif\""
    },
    {
      "filePath": "\/Users\/nrichter\/Repos\/CM.com\/marketing-mmc-lib-mobile-push-ios\/CMPush\/CMPush.swift",
      "kind": "StringLiteral",
      "offset": 17031,
      "length": 11,
      "value": "\"video\/mp4\""
    },
    {
      "filePath": "\/Users\/nrichter\/Repos\/CM.com\/marketing-mmc-lib-mobile-push-ios\/CMPush\/CMPush.swift",
      "kind": "StringLiteral",
      "offset": 24550,
      "length": 9,
      "value": "\"OpenUrl\""
    },
    {
      "filePath": "\/Users\/nrichter\/Repos\/CM.com\/marketing-mmc-lib-mobile-push-ios\/CMPush\/CMPush.swift",
      "kind": "StringLiteral",
      "offset": 24587,
      "length": 13,
      "value": "\"OpenAppPage\""
    },
    {
      "filePath": "\/Users\/nrichter\/Repos\/CM.com\/marketing-mmc-lib-mobile-push-ios\/CMPush\/CMPush.swift",
      "kind": "StringLiteral",
      "offset": 24622,
      "length": 7,
      "value": "\"Reply\""
    },
    {
      "filePath": "\/Users\/nrichter\/Repos\/CM.com\/marketing-mmc-lib-mobile-push-ios\/CMPush\/CMPushRegistration.swift",
      "kind": "StringLiteral",
      "offset": 79,
      "length": 9,
      "value": "\"Unknown\""
    },
    {
      "filePath": "\/Users\/nrichter\/Repos\/CM.com\/marketing-mmc-lib-mobile-push-ios\/CMPush\/CMPushRegistration.swift",
      "kind": "StringLiteral",
      "offset": 114,
      "length": 15,
      "value": "\"NotAuthorized\""
    },
    {
      "filePath": "\/Users\/nrichter\/Repos\/CM.com\/marketing-mmc-lib-mobile-push-ios\/CMPush\/CMPushRegistration.swift",
      "kind": "StringLiteral",
      "offset": 152,
      "length": 12,
      "value": "\"Authorized\""
    },
    {
      "filePath": "\/Users\/nrichter\/Repos\/CM.com\/marketing-mmc-lib-mobile-push-ios\/CMPush\/CMPushRegistration.swift",
      "kind": "StringLiteral",
      "offset": 188,
      "length": 13,
      "value": "\"Provisional\""
    }
  ]
}